{"Canvas Path": "Demo_Border_Map_Canvas_V1.png", "Coordinates": {"220.00": [2000.0, 1963.9999999999995], "510.00": [708.0000000000001, 935.0000000000002], "700.00": [380.4761904761905, 1653.7619047619046], "230.01": [3175.0, 2171.0], "910.00": [2885.0, 1992.0], "400.07": [1037.0, 386.00000000000006], "410.01": [1561.9999999999998, 440.00000000000006], "520.00": [681.0, 1218.3333333333328], "310.02": [1269.0, 1100.0], "530.00": [994.9999999999999, 1418.000000000001], "930.00": [2853.5034013605436, 1653.0068027210884], "420.10": [1444.0, 499.0], "220.29": [2441.384615384618, 2066.461538461538], "421.00": [795.75, 647.0], "110.00": [1738.953488372093, 2424.0232558139533], "120.00": [1313.953488372093, 2383.0232558139533], "130.00": [1015.953488372093, 2238.0232558139533], "140.00": [1128.953488372093, 2073.0232558139533], "150.00": [1565.953488372093, 2120.0232558139533], "200.00": [3466.0, 1760.0], "100.00": [1663.0, 2428.0]}}
